1,阿部,始郎,,あべ
2,天野,真吾,,あま
3,飯田,明進,,いい
4,伊佐,直己,,いさ
5,石原,秀顕,,いし
6,石橋,亮輔,,いし
7,出雲,大輔,,いず
8,磯西,清吾,,いそ
9,伊東,賢吾,,いと
10,犬飼,忠司,,いぬ
11,入井,強,,いり
12,鵜城,紳太郎,,うし
13,梅田,貴宏,,うめ
14,大田,昌幸,,おお
15,大下,航,,おお
16,大石,光宏,,おお
17,大森,靖雄,,おお
18,大内,正勝,,おお
19,大石,洋史,,おおい
20,大下,倭,,おおし
21,小笠原,直輝,,おが
22,壹岐,太朗,,おき
23,小野,哲弥,,おの
24,梶原,大輔,,かじ
25,勝部,雄太,,かつ
26,鎌田,三喜雄,,かま
27,烏田,誠,,から
28,河村,恭彦,,かわ
29,川﨑,臣,,かわ
30,齋藤,慶一,,さい
31,酒井,真貴子,,さか
32,佐々木,哲也,,ささ
33,佐藤,英明,,さと
34,篠原,正展,,しの
35,篠崎,荘,,しの
36,嶋村,祥,,しま
37,鈴木,惟真,,すず
38,砂川,脩,,すな
39,園山,貴之,,その
40,高野,良之,,たか
41,髙宮,敏光,,たか
42,髙橋,秀昌,,たか
43,田北,純平,,たき
44,竹田,圭汰,,たけ
45,竹井,雄士,,たけ
46,田中,努,,たな
47,田中,彰一,,たな
48,鶴端,大輔,,つる
49,鶴端,信男,,つる
50,中島,一憲,,なか
51,中山,雅敦,,なか
52,長岡,克巳,,なが
53,西谷,広大,,にし
54,西山,和輝,,にし
55,平戸,和宏,,ひら
56,福田,誠二,,ふく
57,福本,凌,,ふく
58,藤井,正彦,,ふじ
59,藤林,修平,,ふじ
60,藤井,史義,,ふじ
61,二ツ谷,吉伸,,ふた
62,星埜,拓郎,,ほし
63,曲谷,知之,,まが
64,槙原,邦芳,,まき
65,三好,英幸,,みよ
66,安平,秀行,,やす
67,山元,育也,,やま
68,山根,幸久,,やま
69,山﨑,博文,,やま
70,山下,泰三,,やま
71,吉岡,雅俊,,よし
72,渡辺,裕司,,わた
73,渡部,真志,,わた
